{
    "model_name": "CNN_v1",
    "completed": "FULL",
    "best_params": {
        "b1": 0.9113068173724221,
        "b2": 0.9915271929023733,
        "base_frac": 0.6890692578791535,
        "end_frac": 0.21340205598363693,
        "lr_peak": 0.005306088506961064,
        "num_warmup_epochs": 1.706077950680843,
        "weight_decay": 0.0006990557613760085
    },
    "final_acc": 0.9792,
    "lr_schedule": [
        0.004481175488346915,
        0.005306088506961064,
        0.005306088506961064,
        0.005147234290076904,
        0.004694855753927977,
        0.0040178234298213125,
        0.003219209351788851,
        0.0024205952737563893,
        0.0017435629496497255,
        0.0012911844135007973
    ],
    "wd_schedule": [
        0.0006990557613760085,
        0.0006990557613760085,
        0.0006990557613760085,
        0.0006990557613760085,
        0.0006990557613760085,
        0.0006990557613760085,
        0.0006990557613760085,
        0.0006990557613760085,
        0.0006990557613760085,
        0.0006990557613760085
    ],
    "init_state_file": "./kmnist/results_bayes_opt\\problem1_bayes_opt_init_state_dict_CNN_v1_2.pth",
    "best_state_file": "./kmnist/results_bayes_opt\\problem1_bayes_opt_best_state_dict_CNN_v1_2.pth"
}