{
    "cutout_prob": 0.0,
    "cutout_size": 0.0,
    "flip_prob": 0.0,
    "mixup_alpha": 0.0,
    "mixup_prob": 0.0,
    "noise_prob": 0.9547149401008197,
    "noise_std": 0.03446879087222167,
    "num_augmented_copies": 5,
    "perspective_distortion": 0.18023843615074497,
    "perspective_prob": 0.5865573426824853,
    "rotate_deg": 9.129298523105247,
    "rotate_prob": 0.8133942254515271,
    "translate_frac": 0.1099913526896137,
    "translate_prob": 0.36917522159470273
}