{
    "model_name": "EfficientCNNwAttn_v1",
    "completed": "FULL_MULTI_SEED",
    "best_params": {
        "end_lr_frac": 0.10272265781184442,
        "init_lr_frac": 0.34866655024485815,
        "peak_lr": 0.031069198110717632,
        "warmup_steps_frac": 0.19690628668034632,
        "weight_decay": 5.092949459706259e-06
    },
    "best_score": 0.9964,
    "multi_seed_results": {
        "individual_accuracies": [
            0.9849,
            0.9853,
            0.9634,
            0.9845,
            0.984
        ],
        "average_accuracy": 0.9804200000000002,
        "variance": 7.260559999999972e-05,
        "best_accuracy": 0.9853
    },
    "final_average_accuracy": 0.9804200000000002,
    "final_best_accuracy": 0.9853
}